id,x1,x2,x3,x4,x5,x6,x7,x8,x9,x10,x11,x12,x13,x14,x15,x16,x17,x18,x19,x20,x21,x22,x23,x24,x25,x26,x27,x28,x29,x30,x31,x32,x33,x34,x35,x36,x37,x38,x39,x40,x41,x42,x43,x44,x45,x46,x47,x48,x49,x50,x51,x52,x53,x54,x55,x56,x57,x58,x59,x60,x61,x62,x63,x64,x65,x66,x67,x68,x69,x70,x71,x72,x73,x74,x75,x76,x77,x78,x79,x80,x81,x82,x83,x84,x85,x86,x87,x88,x89,x90,x91,x92,x93,x94,x95,x96,x97,x98,x99,x100,x101,x102,x103,x104,x105,x106,x107,x108,x109,x110,x111,x112,x113,x114,x115,x116,x117,x118,x119,x120,x121,x122,x123,x124,x125,x126,x127,x128,x129,x130,x131,x132,x133,x134,x135,x136,x137,x138,x139,x140,x141,x142,x143,x144,x145,x146,x147,x148,x149,x150,x151,x152,x153,x154,x155,x156,x157,x158,x159,x160,x161,x162,x163,x164,x165,x166,x167,x168,x169,x170,x171,x172,x173,x174,x175,x176,x177,x178,x179,x180,x181,x182,x183,x184,x185,x186,x187,x188,x189,x190,x191,x192,x193,x194,x195,x196,x197,x198,x199,x200,x201,x202,x203,x204,x205,x206,x207,x208,x209,x210,x211,x212,x213,x214,x215,x216,x217,x218,x219,x220,x221,x222,x223,x224,x225,x226,x227,x228,x229,x230,x231,x232,x233,x234,x235,x236,x237,x238,x239,x240,x241,x242,x243,x244,x245,x246,x247,x248,x249,x250,x251,x252,x253,x254,x255,x256,x257,x258,x259,x260,x261,x262,x263,x264,x265,x266,x267,x268,x269,x270,x271,x272,x273,x274,x275,x276,x277,x278,x279,x280,x281,x282,x283,x284,x285,x286,x287,x288,x289,x290,x291,x292,x293,x294,x295,x296,x297,x298,x299,x300,x301,x302,x303,x304,x305,x306,x307,x308,x309,x310,x311,x312,x313,x314,x315,x316,x317,x318,x319,x320,x321,x322,x323,x324,x325,target
001519c8,1279,1279,738.2866426,1,2557,640,1918,711.1634728,727,439.3596188,0,1539,315,1045,128.1161517,132,76.4983724,0,256,54,188,848180.772,891716,395112.666,4526,1801877,550929,1137349,848297.0188,891802,395105.6857,4557,1801969,551012,1137417,116.2467736,112,91.79737434,0,2259,90,135,586.9327074,51,4294.022274,-142,154136,-8,142.5,1283.219961,234,6197.624733,-79,162192,131,568.5,1939.779561,481,7370.623958,46,165317,303,1015.75,3253.976097,1035,9299.583212,110,165599,684.75,2401.5,6538.979976,2725,13017.27598,276,168452,1809,6341,19634.90542,11620,23104.8261,3737,206199,7935,24120,62090.67643,55594,43489.01744,21001,321201,36312,69363,53,46,36,37,21,19,13,19,8,4,0,0,0,0,0,0,0.558606989,0.484828708,0.379431163,0.389970917,0.221334845,0.200255336,0.137016809,0.200255336,0.084318036,0.042159018,0,0,0,0,0,0,1528,256,25,26,5,15,10,0,0,0,1,0,0,1,0,0,0,0,0,4.9140625,100.9333333,304.8,17.06666667,51.2,3.8,0.8,5.2,0,0,0,0,53,8,12,8,6,8,1,4,4,2,0,0,0,0,0,0,0,46,6,6,2,8,5,6,3,4,2,4,0,0,0,36,7,7,8,6,3,1,0,3,1,0,0,0,0,37,11,10,2,6,2,3,1,1,1,0,0,0,0,0,21,4,4,3,3,0,3,3,0,1,0,0,0,19,3,3,3,3,0,4,0,2,1,0,0,0,13,5,1,2,1,2,0,1,1,0,0,0,0,0,19,5,2,5,3,1,0,0,2,0,0,0,8,1,1,3,1,0,1,0,1,0,0,4,3,0,0,0,0,0,1,0,0,0,0,0,0,0,0,0,0,0,0,0,0,0,0,0,0,0,0,0,0,0,0,0,0,0,0,0,0,0,0,0,0,0,0,0,0,0,0,3.5
0022f953,1227.5,1227.5,708.5531032,1,2454,614.25,1840.75,776.2057865,743,449.1331739,0,1676,458.25,1088,182.7147514,186,97.76309028,0,323,104,268,518855.3476,407673,384959.4042,30623,1788842,215512,729347.25,518967.5689,407789,384952.7288,30853,1788969,215657,729461,112.2212714,115,55.43118918,0,1758,92,136,604.5474929,52,4897.303641,-166,145899,0,132,1320.880506,240,7175.684563,-77,155308,133.75,498.25,1990.973072,443,8855.33502,53,158094,282,884.5,3332.646795,938,11835.51394,124,159773,609,1608,6695.138707,2199.5,18659.10114,283,219032,1589,3627.75,20243.01031,7932.5,41394.62974,949,406600,5838.75,14417.5,68495.3836,31816.5,101911.771,11720,574521,25557,66943.75,61,88,67,42,23,12,5,1,4,3,0,3,1,0,0,0,0.448916043,0.647616586,0.493071719,0.309089734,0.169263426,0.088311353,0.036796397,0.007359279,0.029437118,0.022077838,0,0.03035026,0.016694609,0,0,0,1675,324,35,45,7,13,18,3,0,0,0,4,6,2,0,0,0,4,0,4.074074074,127.9230769,238.4285714,24.92307692,46.28571429,2.714285714,2.538461538,6.428571429,0,0,0.307692308,0.571428571,61,8,12,19,11,5,1,1,0,1,2,0,1,0,0,0,0,88,11,27,16,13,10,3,3,0,2,1,0,0,1,67,17,19,14,10,4,2,1,0,0,0,0,0,0,42,11,13,9,2,1,3,0,1,1,0,0,1,0,0,23,7,6,3,3,1,3,0,0,0,0,0,0,12,1,5,4,1,1,0,0,0,0,0,0,0,5,3,0,0,2,0,0,0,0,0,0,0,0,0,1,0,1,0,0,0,0,0,0,0,0,0,4,1,2,0,0,1,0,0,0,0,0,3,1,2,0,0,0,0,0,0,0,0,0,0,0,0,0,0,0,0,0,0,0,3,1,1,1,0,0,0,0,0,0,0,0,1,0,0,0,0,0,1,0,0,0,0,0,0,0,3.5
0042269b,2068.5,2068.5,1194.104686,1,4136,1034.75,3102.25,731.6117021,530.5,592.769763,0,2291,323.75,998.25,194.7727273,193,108.9350675,0,404,114,277,828491.7751,759582,489500.7966,4441,1771219,409992.25,1206983.75,828593.6129,759674.5,489500.4388,4540,1771669,410099.75,1207068.25,101.837766,94,82.38376611,0,3005,74,119,325.5204353,0,3937.359025,-250,153886,-32,65,748.5575714,104,5814.750602,-70,154810,61,208,1171.768449,205,7394.192925,-17,165472,151,371,2018.603002,436,9902.209557,148,166558,335,753,4138.635967,1125,14481.11697,521,176275,838,1820.75,12659.31539,4263.5,25376.62303,2188,189654,3384.25,9355.75,42290.11199,23375,44099.56591,9783,207540,15167.25,48520,64,70,61,49,29,37,31,32,6,20,1,3,0,0,0,0,0.455200023,0.497875025,0.433862522,0.348512517,0.20626251,0.263162513,0.220487511,0.227600011,0.042675002,0.142250007,0.009158639,0.029332523,0,0,0,0,2587,409,32,40,11,20,18,0,0,0,0,1,2,0,0,0,0,1,0,5.312958435,128.4,234.2727273,20.4,37.18181818,2.727272727,1.05,3.636363636,0,0,0.05,0.090909091,64,6,8,8,6,6,4,10,4,4,8,0,0,0,0,0,0,70,7,8,13,9,7,10,4,7,1,3,0,0,0,61,8,10,15,5,5,3,2,7,1,3,0,2,0,49,6,10,5,8,5,4,4,6,0,0,0,1,0,0,29,7,10,4,2,0,1,0,3,0,2,0,0,37,10,7,7,3,3,2,1,1,0,2,1,0,31,3,5,5,9,1,5,1,2,0,0,0,0,0,32,11,3,2,4,1,1,8,2,0,0,0,6,2,1,0,0,0,2,0,0,0,1,20,4,8,1,3,1,2,1,0,0,0,0,1,0,0,1,0,0,0,0,0,0,3,0,0,0,0,0,3,0,0,0,0,0,0,0,0,0,0,0,0,0,0,0,0,0,0,0,6
0059420b,778.5,778.5,449.3228238,1,1556,389.75,1167.25,542.5372751,593.5,307.6272004,0,1047,266.75,794,103.6188946,108.5,61.88225,0,206,49,155,785483.0263,848240.5,385205.0144,41395,1404394,464250.75,1120781.5,785604.8747,848405.5,385206.0813,41513,1404469,464369.75,1120883,121.848329,110,113.7682255,0,806,77,142.25,754.6482315,131,4242.152639,-516,101690,19,487.5,1566.419562,583.5,5982.696008,1,143449,304,1231.5,2376.37669,1107,7513.130715,2,147541,644,1956,3999.096712,2084,10015.87217,135,173922,1456,3515,8068.27749,4962,14426.53532,324,176195,3637.5,7171.75,24376.84076,18028.5,25050.4465,1451,186107,13968.75,26167.75,83031.00962,68752.5,45828.32203,38303,241697,56266.5,88167,44,31,43,19,22,23,2,2,3,1,1,7,0,0,0,0,0.557352539,0.392680198,0.544685436,0.24067496,0.278676269,0.291343373,0.025334206,0.025334206,0.038001309,0.012667103,0.016311202,0.121893686,0,0,0,0,1154,207,24,17,3,14,3,0,0,0,0,0,0,1,0,0,0,0,0,4.574879227,81.5,384,14.85714286,69,5.333333333,0.285714286,5.666666667,0,0,0,0,44,6,7,8,4,6,6,1,1,2,0,1,2,0,0,0,0,31,7,5,8,3,3,3,0,0,1,0,0,1,0,43,11,7,7,6,5,4,0,0,0,1,0,2,0,19,5,4,5,2,2,1,0,0,0,0,0,0,0,0,22,5,4,6,1,1,3,0,0,0,0,0,2,23,6,3,4,2,3,4,0,1,0,0,0,0,2,0,0,0,0,0,0,1,0,0,0,0,0,0,2,0,1,0,0,0,1,0,0,0,0,0,3,1,0,0,1,1,0,0,0,0,0,1,0,0,1,0,0,0,0,0,0,0,0,1,0,0,1,0,0,0,0,0,0,7,2,0,3,0,1,1,0,0,0,0,0,0,0,0,0,0,0,0,0,0,0,0,0,0,0,2
0075873a,1266,1266,730.781089,1,2531,633.5,1898.5,600.050968,630,341.7294092,0,1402,277,859.5,125.0829712,113,77.25505363,0,252,55,212,713354.1976,686588,405576.409,78470,1662390,359852,946529,713478.1414,686728,405575.6317,78693,1662472,359881.5,946656,123.9438957,129,62.08201267,0,701,100,151.5,502.0948617,36,3896.209237,-158,110688,-5,128,1122.175563,225,5619.567427,-77,111232,121,386,1739.592959,415,6949.770563,43,112046,277.75,713.5,2974.63658,819.5,9011.742043,104,112576,610,1549.75,6061.144784,2067,12766.09891,260,113681,1502,4636,18111.13794,10134,21843.51741,856,125377,6088,19485,60674.7791,49609,45517.87602,2947,281981,30511,69145,49,61,53,29,13,15,8,4,6,9,2,0,0,0,0,0,0.481187567,0.59902942,0.520468185,0.284784478,0.127662008,0.147302316,0.078561235,0.039280618,0.058920927,0.08838139,0.025290474,0,0,0,0,0,1425,255,35,48,9,15,23,2,0,0,0,0,0,9,0,0,0,0,0,4.57254902,94.06666667,157.4444444,17,28.33333333,2.555555556,2.266666667,5.333333333,0,0,0,0,49,3,15,11,9,2,3,3,0,1,2,0,0,0,0,0,0,61,11,10,13,5,6,5,3,3,2,2,1,0,0,53,12,15,10,8,0,1,1,0,2,3,1,0,0,29,6,9,7,2,3,1,0,0,0,1,0,0,0,0,13,7,1,2,2,0,1,0,0,0,0,0,0,15,5,4,4,0,2,0,0,0,0,0,0,0,8,0,1,2,2,0,1,1,1,0,0,0,0,0,4,1,2,0,0,0,1,0,0,0,0,0,6,1,3,1,0,0,1,0,0,0,0,9,3,0,2,1,0,1,0,0,1,0,0,2,0,1,1,0,0,0,0,0,0,0,0,0,0,0,0,0,0,0,0,0,0,0,0,0,0,0,0,0,0,0,0,0,0,0,0,4
0081af50,1106,1106,638.4050438,1,2211,553.5,1658.5,662.5323383,667,409.6093705,0,1445,316.5,995,132.9425599,134,81.20882446,0,275,61.5,210,544339.1913,378996,484650.578,42636,1778845,210033.5,566628,544420.5957,379095,484649.6723,42744,1778916,210140,566703.5,81.40434193,77,40.65305429,0,1102,63,96,704.2058824,112,6498.052509,-1026,160742,56,233.25,1487.797193,341,10420.4119,-538,270090,228,589,2271.77038,621.5,13466.73726,163,270878,430.75,935.25,3841.432004,1137,18543.10469,331,329119,868,1610,7773.970014,2527,27563.77568,750,330210,2018,3434,23583.20128,8518,53167.9028,3155,336125,7069,11363,80492.41592,31165,109683.9993,20771,439248,28332,44728,59,50,62,38,31,7,5,3,8,4,1,0,0,0,0,0,0.529949803,0.449110003,0.556896404,0.341323602,0.278448202,0.0628754,0.044911,0.0269466,0.0718576,0.0359288,0.011566218,0,0,0,0,0,1446,275,22,14,4,11,3,0,0,0,0,0,0,0,0,0,0,1,0,4.24,130.5454545,360.75,25,68.75,3.5,0.363636364,3.5,0,0,0.090909091,0.25,59,12,3,17,12,6,2,2,0,3,1,1,0,0,0,0,0,50,5,13,14,4,5,0,3,0,4,2,0,0,0,62,14,15,11,6,10,1,0,2,1,1,0,0,0,38,8,6,9,11,1,2,0,1,0,0,0,0,0,0,31,12,6,5,2,4,2,0,0,0,0,0,0,7,0,3,2,1,1,0,0,0,0,0,0,0,5,2,0,2,0,1,0,0,0,0,0,0,0,0,3,2,0,0,1,0,0,0,0,0,0,0,8,2,2,1,0,3,0,0,0,0,0,4,1,1,1,1,0,0,0,0,0,0,0,1,0,1,0,0,0,0,0,0,0,0,0,0,0,0,0,0,0,0,0,0,0,0,0,0,0,0,0,0,0,0,0,0,0,0,0,2
0093f095,883,883,509.6559297,1,1765,442,1324,685.2283286,711,455.3639115,0,1438,216,1096,119.6713881,116,72.38823352,0,242,55,184,354314.4578,331472,242048.2167,6572,1768065,163122,509019,354424.1756,331553,242044.5609,6810,1768197,163183,509139,109.717847,110,37.0183313,0,501,85,132,888.8735828,71,7847.948375,-135,122688,-0.25,140,1876.485536,237,11088.77651,-22,123513,161,391,2857.418842,430,15422.09591,141,206861,325,664.25,4805.938068,840,22976.882,327,289523,660,1165.25,9542.267806,1845,40763.87758,747,434377,1565.5,2835.5,24621.1585,6763,96562.37222,4093,978237,5455,9823,51906.88769,29586,117239.6158,17520,1168721,21631,45038,39,40,49,34,23,19,13,14,6,1,0,2,0,0,0,0,0.436646106,0.44784216,0.548606646,0.380665836,0.257509242,0.212725026,0.145548702,0.156744756,0.067176324,0.011196054,0,0.030782284,0,0,0,0,1435,243,26,23,5,15,6,0,0,0,0,1,0,2,0,0,0,1,0,4.901234568,94.73333333,286.2,16.2,48.6,3.8,0.6,4.6,0,0,0.066666667,0.2,39,4,11,3,9,2,4,1,1,3,0,0,1,0,0,0,0,40,6,2,12,7,1,4,2,5,1,0,0,0,0,49,11,10,6,4,7,4,0,6,0,0,0,1,0,34,5,5,8,5,6,2,1,1,1,0,0,0,0,0,23,3,7,5,3,0,1,3,1,0,0,0,0,19,4,1,6,2,3,1,2,0,0,0,0,0,13,1,1,3,3,1,2,1,0,0,1,0,0,0,14,4,2,3,0,2,0,1,0,1,0,0,6,0,1,2,1,0,1,1,0,0,0,1,1,0,0,0,0,0,0,0,0,0,0,0,0,0,0,0,0,0,0,0,0,2,0,0,1,0,1,0,0,0,0,0,0,0,0,0,0,0,0,0,0,0,0,0,0,0,0,4.5
009e23ab,1177,1177,679.3969139,1,2353,589,1765,790.4453889,666,501.1222903,0,1768,375,1211,154.2970676,144,93.48678321,0,308,72,238,487666.2924,452862,279593.8107,106549,1799221,307997,617311,487757.048,452938,279591.2746,106650,1799303,308115,617361,90.75563111,91,41.93495169,0,803,72,110,628.9141156,77,7726.032219,-120,305373,8,170,1346.697575,262,11125.15874,-4,305784,164,497,2062.90383,478,14025.8353,59,306031,333,786,3421.58092,939.5,18957.58315,122,306892,689,1390,6762.495519,2108,31296.34138,280,508584,1683.5,2895,20165.99742,7099,62587.2713,970,514742,6032,9260.5,56072.86329,25733,102276.5508,17186,661932,21952,34322,43,72,57,49,23,18,21,4,4,2,0,7,0,0,0,0,0.362053445,0.606229024,0.47993131,0.41257253,0.193656494,0.151557256,0.176816799,0.03367939,0.03367939,0.016839695,0,0.081022965,0,0,0,0,1753,309,29,35,7,19,13,2,0,0,0,0,2,0,0,0,0,0,0,4.660194175,91.31578947,249.5714286,16.26315789,44.14285714,3.571428571,0.894736842,5,0,0,0,0,43,4,9,11,2,3,4,5,1,1,1,0,1,0,0,0,0,72,9,13,13,20,3,4,4,2,1,1,0,2,0,57,9,14,14,8,6,3,3,0,0,0,0,0,0,49,11,18,7,2,3,3,1,0,0,0,0,4,0,0,23,2,7,4,4,0,1,5,0,0,0,0,0,18,3,3,5,1,4,1,0,0,1,0,0,0,21,2,4,1,10,2,1,0,0,1,0,0,0,0,4,2,1,0,0,0,0,1,0,0,0,0,4,0,1,1,1,1,0,0,0,0,0,2,0,0,0,0,1,0,1,0,0,0,0,0,0,0,0,0,0,0,0,0,0,7,1,2,1,1,0,1,0,1,0,0,0,0,0,0,0,0,0,0,0,0,0,0,0,0,0,4
00e048f1,793,793,457.6944031,1,1585,397,1189,664.4763407,679,396.0270462,0,1308,321,1019,114.762776,118,66.91791106,0,223,57,173,837617.3495,816998,345748.108,5273,1797305,575968,1083297,837692.3609,817059,345747.1395,5397,1797498,576031,1083393,75.01135647,69,33.24461485,0,613,61,80,1056.396465,191.5,8224.216014,-25,214541,124.75,390,2080.340493,573,11257.28331,13,248661,389,1011,3103.534766,972.5,13688.68446,37,250961,695,1795,5145.16962,1894,18263.20993,122,311665,1364,3357.5,9639.516825,4539,24023.55418,326,327253,3344.5,7827.5,26278.48617,18558,30056.04864,8051,333936,13733.5,24759.5,81256.55286,66615,41598.14034,32877,363281,54934,93675,38,34,51,30,34,11,5,7,7,4,0,2,0,0,0,0,0.43806955,0.391956966,0.587935449,0.345844382,0.391956966,0.126809607,0.05764073,0.080697022,0.080697022,0.046112584,0,0.031695334,0,0,0,0,1308,223,21,25,6,22,4,0,0,0,0,0,0,0,0,0,0,0,0,4.847533632,58.5,217.1666667,10.13636364,37.16666667,4.5,0.181818182,4.166666667,0,0,0,0,38,0,9,7,7,8,3,0,1,1,1,0,1,0,0,0,0,34,7,3,8,6,4,2,2,0,2,0,0,0,0,51,9,5,13,4,11,2,2,2,1,1,0,1,0,30,5,4,8,1,6,1,0,3,2,0,0,0,0,0,34,5,2,8,9,3,3,1,0,1,2,0,0,11,5,3,2,1,0,0,0,0,0,0,0,0,5,1,1,3,0,0,0,0,0,0,0,0,0,0,7,3,2,0,2,0,0,0,0,0,0,0,7,0,4,1,0,1,0,0,0,0,0,4,2,1,0,0,1,0,0,0,0,0,0,0,0,0,0,0,0,0,0,0,0,2,0,0,1,0,0,0,0,1,0,0,0,0,0,0,0,0,0,0,0,0,0,0,0,0,0,3.5
00e1f05a,3913.5,3913.5,2259.315936,1,7826,1957.25,5869.75,1789.351265,1844,1004.77373,0,4110,870.25,2612,364.3521595,416,207.108617,0,739,156,503,884357.504,888236,493354.2179,10731,1853533,507822.25,1249019.75,884450.8472,888300,493357.5829,10801,1853697,507890,1249108.5,93.34321492,71,198.8966897,0,11017,60,105,142.1676677,42,750.5097852,-226,20817,0,96,377.3328221,173,1212.94289,-110,25280,100,282,612.1963441,315,1626.718502,-69,41505,222,484,1076.445723,623,2308.249049,89,54255,471,904,2231.298746,1440.5,3519.568724,247,59827,1133,2014.25,6830.835942,5013,6355.735054,917,63703,4119,6978.75,22869.46945,19445.5,12832.27037,6880,103762,16024,23800.5,155,121,140,85,50,52,45,35,14,6,2,1,0,0,0,0,0.569078422,0.444248317,0.514006317,0.312075264,0.183573685,0.190916632,0.165216316,0.128501579,0.051400632,0.022028842,0.009455382,0.005047151,0,0,0,0,4110,742,41,78,7,25,37,0,0,2,0,4,0,11,0,0,0,4,0,4.533692722,163.44,586.2857143,29.68,106,4.428571429,2.16,11.14285714,0,0,0.16,0.571428571,155,19,26,30,27,9,16,13,9,3,2,1,0,0,0,0,0,121,26,14,24,15,13,6,11,7,4,0,0,1,0,140,30,32,31,15,10,7,6,7,1,1,0,0,0,85,22,19,16,5,7,6,2,3,4,0,0,0,0,0,50,12,10,11,6,3,5,3,0,0,0,0,0,52,17,6,12,6,3,3,2,2,0,0,1,0,45,12,9,1,4,3,6,3,4,1,2,0,0,0,35,11,2,9,5,0,2,4,1,1,0,0,14,3,1,4,0,2,1,1,1,0,1,6,2,1,2,1,0,0,0,0,0,0,0,2,1,0,0,1,0,0,0,0,0,1,0,1,0,0,0,0,0,0,0,0,0,0,0,0,0,0,0,0,0,0,0,0,0,0,0,4.5
00e713bd,2283,2283,1317.946319,1,4565,1142,3424,1580.448631,1593,1045.59682,0,3396,597,2478,274.4635268,264,167.907921,0,574,126,418,777464.0355,806963,364718.7524,820,1749055,502553,1092347,777558.3424,807053,364717.9084,925,1749111,502688,1092429,94.30690033,91,47.01093313,0,938,76,109,288.733567,51,6132.276677,-130,398513,7,113,663.7435897,201,8712.444768,-66,401546,138,302,951.5190706,363.5,8886.354964,68,404061,274,541,1526.217105,711,9177.488494,139,404338,556,1088.25,2964.140505,1682,9861.95594,318,405150,1302.5,2664.5,8721.646968,6362,12152.10683,1052,409548,4842.5,9301.5,29007.0327,24251,17942.67487,10232,418949,20419,30911,95,129,89,71,55,54,22,23,11,16,2,2,2,0,0,0,0.442969752,0.601506295,0.414992715,0.331061604,0.256456172,0.251793333,0.102582469,0.107245308,0.051291234,0.074605432,0.01200851,0.01281995,0.021155408,0,0,0,3396,580,47,56,7,19,16,4,0,0,0,5,0,7,2,0,0,6,0,4.851724138,177.7894737,484.2857143,30.52631579,82.85714286,3.571428571,2,8,0,0,0.315789474,0.857142857,95,9,27,11,9,11,12,7,4,1,4,0,0,0,0,0,0,129,7,26,24,16,15,16,9,8,0,6,0,0,2,89,16,19,13,13,8,8,1,5,5,1,0,0,0,71,16,13,11,12,6,6,1,1,3,2,0,0,0,0,55,14,11,11,4,7,4,1,1,1,0,1,0,54,13,16,7,6,3,2,2,1,1,1,0,2,22,5,4,4,4,1,2,0,0,0,2,0,0,0,23,5,5,2,3,4,2,0,2,0,0,0,11,7,1,2,1,0,0,0,0,0,0,16,2,5,2,3,0,2,1,0,0,0,0,2,0,0,1,0,0,0,1,0,0,2,1,1,0,0,0,0,0,0,0,0,0,2,0,0,1,0,1,0,0,0,0,0,0,0,0,4.5
00f0737e,1208.5,1208.5,697.5834478,1,2416,604.75,1812.25,732.5620861,745.5,473.0356075,0,1537,310,1150.25,119.692053,119,79.70792149,0,252,51,192,603517.3121,586520.5,401106.7763,53017,1833682,274824,820945.75,603648.4694,586564,401114.3629,53249,1833804,274975.75,821132.25,131.1572848,136,81.29178647,0,930,80.75,178,606.1743271,99,13924.31856,-224,682914,24.5,233.5,1330.157415,367.5,19714.37808,6,685684,227.25,872.5,2054.201823,695,24144.75389,15,685718,449,1451,3503.514724,1582,31167.6206,88,686245,942,2555,7135.387781,3743,44065.10558,289,689100,2627.5,5248,21753.46144,12505.5,76364.54169,1038,698280,10248.5,15393.5,73802,44504,140913.2477,9365,743700,37776.75,51637.75,27,43,64,44,22,10,9,13,6,4,1,1,0,0,3,0,0.275544842,0.438830674,0.653143328,0.449036038,0.224518019,0.102053645,0.091848281,0.132669739,0.061232187,0.040821458,0.013141265,0.014029248,0,0,0.103088171,0,1538,257,28,31,16,22,7,1,0,0,0,0,0,2,0,0,0,0,0,4.949416342,68.95454545,95.1875,11.81818182,16.0625,2.3125,0.454545455,1.9375,0,0,0,0,27,2,8,9,3,2,1,0,0,2,0,0,0,0,0,0,0,43,0,3,13,11,5,2,6,2,0,1,0,0,0,64,9,9,18,15,4,2,0,4,3,0,0,0,0,44,9,8,6,7,4,1,1,4,0,0,0,1,0,3,22,3,4,7,1,2,3,1,1,0,0,0,0,10,2,2,3,1,0,0,0,2,0,0,0,0,9,0,1,5,1,1,0,0,0,0,1,0,0,0,13,1,3,3,1,2,1,1,0,0,1,0,6,0,2,0,2,1,0,0,0,0,0,4,0,1,0,2,0,0,0,0,0,1,0,1,1,0,0,0,0,0,0,0,0,1,0,0,0,0,0,0,0,0,0,1,0,0,0,0,0,0,0,0,0,0,3,2,1,0,0,2.5
00f8e84c,1861,1861,1074.304504,1,3721,931,2791,1505.123354,1521,889.8386169,0,3118,723,2227,281.2743886,279,168.1162431,0,573,131,427,950845.8938,901318,462051.8369,4663,1773898,607594,1329571,950928.3244,901318,462051.043,4778,1773964,607693,1329672,82.43052943,80,43.5918456,0,259,61,113,393.1658602,146,1769.05407,-95,63969,93,227,851.4436677,402,2631.034583,36,93479,306,563,1301.945132,665,3140.695399,73,93652,530,907.75,2203.281216,1226.5,4056.23553,136,94323,993,1716.25,4458.046349,2746,5876.133885,309,95716,2232,4281.5,13456.6692,10463,10604.39194,957,99814,7821.5,15082,44792.38912,39382,21364.263,3279,159898,31714,59195,105,126,112,90,35,35,21,17,9,3,4,0,2,0,0,0,0.465577617,0.55869314,0.496616125,0.399066529,0.155192539,0.155192539,0.093115523,0.075379233,0.039906653,0.013302218,0.022838703,0,0.020117488,0,0,0,3120,576,36,54,11,22,25,1,0,0,0,1,0,6,0,0,0,1,0,4.40625,140.8636364,282.7272727,26.18181818,52.36363636,2.909090909,1.5,4.909090909,0,0,0.045454545,0.090909091,105,7,26,24,23,10,4,4,2,4,0,0,0,1,0,0,0,126,16,27,26,20,5,13,7,9,0,2,1,0,0,112,24,23,21,20,7,7,5,3,0,0,2,0,0,90,28,14,17,8,7,8,4,1,2,0,1,0,0,0,35,10,11,7,4,0,0,0,1,2,0,0,0,35,10,9,5,6,3,0,1,0,0,1,0,0,21,4,6,4,5,1,1,0,0,0,0,0,0,0,17,6,5,2,1,1,1,0,1,0,0,0,9,0,4,2,1,0,1,0,0,1,0,3,0,0,2,0,0,0,0,0,0,0,0,4,0,0,1,1,1,0,0,0,1,0,0,0,0,0,0,0,0,0,0,0,0,2,0,1,1,0,0,0,0,0,0,0,0,0,0,4.5
00fc9a6a,1351,1351,779.8558628,1,2701,676,2026,594.3676416,663,330.8085896,0,1331,307,871,128.4624213,129,74.53243747,0,244,59,195,688396.6957,635521,362391.2968,3101,1585609,408741,968869,688508.4639,635601,362397.1369,3216,1585825,408905,968925,111.768234,84,554.5884169,0,23724,72,99,474.3359259,45,3139.669565,-23469,100476,-1,146,1059.731382,197,4528.681521,-2125,100930,100,497,1645.2702,380,5678.847139,-1925,101380,219,882.5,2814.163947,796,7604.608309,-1421,118114,475,1946,5721.700111,2058,11632.8403,-837,142369,1289,4637.5,16932.0921,8962,21466.439,2427,158675,5891,18415.5,53354.76048,42916,37331.8367,14858,244536,26799,68151,47,51,48,20,27,13,9,10,4,3,1,6,0,0,0,0,0.504249752,0.547164624,0.51497847,0.214574362,0.289675389,0.139473336,0.096558463,0.107287181,0.042914872,0.032186154,0.013815178,0.088492191,0,0,0,0,1425,244,35,48,6,16,22,0,0,0,0,0,0,7,4,0,0,0,0,4.823770492,88.125,236.6666667,15.25,40.66666667,3.5,2.0625,8,0,0,0,0,47,3,13,9,3,8,4,1,3,2,0,0,1,0,0,0,0,51,9,9,14,6,3,2,3,1,1,0,1,1,0,48,8,8,15,3,3,1,1,4,0,3,0,2,0,20,4,4,3,1,5,1,1,0,0,0,0,1,0,0,27,4,12,1,3,0,4,1,1,0,0,0,1,13,7,2,2,0,1,0,0,1,0,0,0,0,9,3,0,2,2,1,1,0,0,0,0,0,0,0,10,4,1,2,1,2,0,0,0,0,0,0,4,0,2,0,1,0,0,1,0,0,0,3,2,0,0,0,1,0,0,0,0,0,0,1,1,0,0,0,0,0,0,0,0,6,2,0,0,0,2,0,1,0,1,0,0,0,0,0,0,0,0,0,0,0,0,0,0,0,0,3.5
0144e4d5,1059,1059,611.2695805,1,2117,530,1588,796.7543694,815,448.9699481,0,1582,431,1215,124.2546056,118,71.35541573,0,234,70,198,919170.0992,899530,472893.4187,83058,1830779,520521,1319413,919257.103,899622,472893.0894,83244,1831176,520521,1319529,87.00377893,86,45.20893509,0,586,65,106,739.0978261,278,2550.998085,-71,57217,133,530.25,1565.565012,742,3671.564319,3,59124,451.5,1389.5,2365.570009,1251.5,4437.433901,7,59660,790,2275.25,3965.277936,2405,5677.844628,47,61009,1609.25,4362,7956.632178,5968,8536.370906,198,85945,3912.5,9116.5,23807.48107,21010,15609.19709,787,133706,15525.5,27449.5,77931.94348,77158,21441.42124,16549,184529,64605,88222,50,39,66,27,19,11,14,7,3,2,1,0,0,0,0,0,0.503852622,0.393005045,0.665085461,0.272080416,0.191463996,0.110847577,0.141078734,0.070539367,0.030231157,0.020154105,0.01297604,0,0,0,0,0,1582,243,44,55,27,36,6,0,0,3,0,0,4,2,0,0,0,5,0,4.596707819,42.97222222,57.62962963,7.055555556,9,2.296296296,0.555555556,2.037037037,0,0,0.138888889,0.185185185,50,6,12,9,5,5,4,5,3,1,0,0,0,0,0,0,0,39,9,2,16,3,2,1,1,2,1,1,0,0,0,66,19,8,15,4,9,3,5,2,0,1,0,0,0,27,7,6,9,2,1,1,1,0,0,0,0,0,0,0,19,4,2,6,4,2,0,1,0,0,0,0,0,11,1,2,5,1,0,2,0,0,0,0,0,0,14,2,6,2,4,0,0,0,0,0,0,0,0,0,7,1,0,1,4,0,0,0,0,1,0,0,3,0,1,2,0,0,0,0,0,0,0,2,1,0,0,0,0,0,1,0,0,0,0,1,0,0,1,0,0,0,0,0,0,0,0,0,0,0,0,0,0,0,0,0,0,0,0,0,0,0,0,0,0,0,0,0,0,0,0,2.5
014e7ae9,1960,1960,1131.462181,1,3919,980.5,2939.5,1063.824445,800,731.5159083,0,2548,480,1626,226.7476397,237,129.9506478,0,449,108,337,701810.148,660797,490102.9205,18767,1833750,262488.5,987513,701934.1995,660970,490108.7537,18860,1833868,262594,987641,124.0515438,122,114.5390184,0,4162,96,148,339.1891271,-9,4900.41796,-242,283846,-60,75.75,800.9805974,116,7116.4837,-122,298007,48,254,1262.762768,263,8805.60653,-63,300078,150,500,2175.351559,575,11690.05873,89,331491,378,1001.75,4458.279611,1465,17099.39119,282,333337,1017,2597,13627.99537,6764,30047.04058,944,338475,4350,14600,45504.46976,33416,56229.21347,11250,372988,21204,45469.5,95,91,70,53,29,53,10,15,18,9,1,1,0,0,1,0,0.553958128,0.530633575,0.408179673,0.309050324,0.169103007,0.309050324,0.058311382,0.087467073,0.104960487,0.052480244,0.007508652,0.008016027,0,0,0.019634163,0,2617,451,39,56,10,21,23,0,0,0,0,5,4,4,0,0,0,5,0,4.77383592,123.6666667,260.8,21.47619048,45.1,3,1.714285714,5.6,0,0,0.238095238,0.5,95,7,20,18,15,6,10,2,4,6,6,0,0,0,0,1,0,91,17,14,14,13,5,14,3,5,4,0,1,1,0,70,16,13,10,9,3,9,2,3,3,2,0,0,0,53,17,13,7,5,4,5,1,0,0,1,0,0,0,0,29,10,4,5,3,3,3,1,0,0,0,0,0,53,12,12,10,4,4,6,0,2,2,0,0,0,10,5,3,0,1,1,0,0,0,0,0,0,0,0,15,1,3,2,2,2,3,0,1,1,0,0,18,7,5,3,0,1,2,0,0,0,0,9,3,3,1,0,0,1,1,0,0,0,0,1,0,0,0,0,0,0,0,1,0,1,0,0,0,1,0,0,0,0,0,0,0,0,0,0,0,0,0,0,0,0,1,1,0,0,0,5
015aa732,1586,1586,915.533178,1,3171,793.5,2378.5,1237.326711,1286,709.989655,0,2367,603,1960,221.8006938,225,133.0756385,0,421,101,353,585604.3463,558506,271637.6427,14321,1754492,379515,765843,585700.8448,558573,271643.203,14402,1754540,379613.5,765937,96.49858089,86,87.36138862,0,2395,67,118,452.4359621,35,8726.7605,-115,480616,-12,99,1000.47586,164,12450.99278,-30,487395,103,291,1538.229167,306,15448.1796,11,498776,215,577.25,2600.529059,629,20207.96628,217,506660,456.25,1256.5,5211.960456,1683,30343.14731,676,561718,1147,3559,12249.39414,7205,33911.06413,2726,596636,4781,12240,35428.14425,26542,40362.08593,12979,647343,20373,40201,61,91,101,49,31,24,15,15,4,1,1,4,0,0,0,0,0.373734839,0.557538858,0.618806864,0.300213231,0.18993082,0.147043215,0.091902009,0.091902009,0.024507203,0.006126801,0.007889371,0.033689891,0,0,0,0,2238,402,32,54,9,22,23,1,0,0,0,3,0,6,0,0,0,3,0,4.554726368,100.7727273,247.7777778,18.27272727,44.66666667,3.333333333,1.5,6,0,0,0.136363636,0.333333333,61,3,14,15,8,3,6,4,3,2,1,1,1,0,0,0,0,91,9,19,33,10,10,5,2,2,0,0,0,1,0,101,14,28,22,15,5,5,4,7,1,0,0,0,0,49,12,17,8,7,2,1,0,1,1,0,0,0,0,0,31,4,6,8,4,4,3,1,0,0,0,0,1,24,4,2,6,2,4,2,1,1,0,0,0,1,15,3,3,4,2,0,2,1,0,0,0,0,0,0,15,9,2,1,1,2,0,0,0,0,0,0,4,1,0,2,0,1,0,0,0,0,0,1,1,0,0,0,0,0,0,0,0,0,0,1,1,0,0,0,0,0,0,0,0,4,0,0,2,0,0,0,2,0,0,0,0,0,0,0,0,0,0,0,0,0,0,0,0,0,0,5
0178a105,1723.5,1723.5,994.9188409,1,3446,862.25,2584.75,861.6183981,922.5,448.026153,0,1587,505.25,1234,153.3978526,161,79.18361668,0,286,85,218,865000.9338,864890,469054.8063,28486,1782003,479141,1259701,865136.7757,865024,469055.4721,28658,1782121,479255,1259864.75,135.8418456,128,151.9497385,0,4448,85,156,373.1564586,59,1544.981389,-875,29779,0,167,879.3916957,268,2379.024789,-25,35515,138,629.5,1384.890212,516,3031.595865,14,36425,309,1092.5,2395.828538,1121,4156.493942,27,51536,685,2034,4911.706345,2696,6357.611291,446,59048,1863,4930,14898.53513,10533.5,11202.65235,2429,66304,7377.5,18871.5,49477.82068,46776,20071.10505,15842,116933,32650.75,62411,72,56,47,27,21,14,2,9,3,8,2,5,1,0,0,1,0.653914523,0.508600184,0.426860869,0.245217946,0.190725069,0.127150046,0.018164292,0.081739315,0.027246438,0.072657169,0.023389834,0.062425834,0.020602951,0,0,0.030580709,1519,276,31,32,10,25,3,0,1,0,0,0,0,4,0,0,0,0,0,4.485507246,59.8,151,11.04,27.6,3.4,0.32,3.2,0,0,0,0,72,15,19,15,7,3,3,1,4,2,0,1,0,1,0,0,1,56,6,8,9,8,10,4,1,5,1,2,0,2,0,47,16,9,12,4,1,2,0,0,0,3,0,0,0,27,10,4,3,2,2,3,0,0,0,1,0,2,0,0,21,7,4,3,2,3,1,0,0,0,0,0,0,14,6,4,1,0,0,1,0,0,0,1,1,0,2,1,0,1,0,0,0,0,0,0,0,0,0,0,9,4,2,0,3,0,0,0,0,0,0,0,3,1,1,1,0,0,0,0,0,0,0,8,3,2,1,0,1,0,0,0,0,1,0,2,0,1,0,0,1,0,0,0,0,5,2,1,0,1,0,0,0,0,0,0,1,1,0,0,1,0,0,0,0,0,0,0,0,1,1,3
0182aa1c,1563.5,1563.5,902.5427968,1,3126,782.25,2344.75,892.8557262,857,577.2835216,0,2164,387.25,1336,190.1919386,187,116.3009487,0,406,84,286,750923.8266,697512.5,433855.2875,31882,1757904,429173.5,1054669.75,751019.8448,697600,433851.4017,31977,1757984,429290.5,1054751.75,96.01823417,90,52.13148288,0,1530,77,108,456.30368,108,4007.240526,-118,206141,53,195,1000.033931,329,6039.989579,39,232647,232,591.25,1543.997438,589,7636.416579,158,237207,429,978.5,2632.22653,1159,10217.9911,332,254316,858,1928,5335.505777,2720.5,15162.4752,754,276219,2067,4881.5,16023.40181,10872,27898.9327,4718,309777,8157.75,15210.5,52675.4696,40071,52742.37147,22175,339017,33127.75,54400.25,83,73,85,47,34,21,17,15,11,6,1,2,0,0,0,0,0.536554506,0.471909384,0.54948353,0.303832069,0.219793412,0.135754754,0.109896706,0.096967682,0.071109633,0.038787073,0.008324236,0.017773445,0,0,0,0,2271,408,34,36,5,19,15,2,0,0,0,0,0,1,0,0,0,0,0,4.524509804,118.5789474,453.4,21.47368421,81.6,4.6,0.947368421,7.2,0,0,0,0,83,13,20,20,9,1,6,2,5,4,3,0,0,0,0,0,0,73,9,11,14,11,14,1,8,3,1,1,0,0,0,85,24,11,16,12,10,4,3,3,0,0,1,1,0,47,10,11,9,4,3,5,1,2,2,0,0,0,0,0,34,5,7,8,6,2,2,0,1,0,2,0,1,21,6,5,3,2,1,1,1,0,1,0,0,0,17,4,7,3,1,1,0,0,0,1,0,0,0,0,15,7,1,5,0,1,1,0,0,0,0,0,11,2,0,5,1,0,1,1,0,1,0,6,2,0,2,0,0,0,1,1,0,0,0,1,0,0,0,0,0,0,0,1,0,2,1,0,0,1,0,0,0,0,0,0,0,0,0,0,0,0,0,0,0,0,0,0,0,0,0,4
0190ff4c,961.5,961.5,554.9779275,1,1922,481.25,1441.75,805.3896982,812,463.0391699,0,1630,406.25,1199.75,147.7034339,146,84.18525517,0,299,75,218.75,796372.3278,780482,399694.7648,40996,1661079,499062,1115153,796470.7055,780569.5,399693.8848,41178,1661246,499143,1115227.25,98.37773153,94,28.53197852,0,219,79,114,745.0119729,155,3242.686514,-98,69933,97,355,1549.822917,492,4594.163721,43,78591,338.75,955.5,2354.793643,884,5706.974716,98,82967,612,1593.5,3965.899844,1697,7492.823828,165,84460,1227,3189,8002.675209,4122,10816.32294,1569,88927,2879.75,8027.5,23645.00846,17907,17370.82037,6563,118458,12481,28595.75,78268.05104,72659,25907.00157,39799,160426,58048.25,93889.5,65,54,54,45,31,12,5,20,2,1,1,2,0,0,0,0,0.556833945,0.462600508,0.462600508,0.385500423,0.265566958,0.102800113,0.04283338,0.171333521,0.017133352,0.008566676,0.011031155,0.023553107,0,0,0,0,1640,301,24,24,5,16,8,0,0,0,0,0,0,1,0,0,0,0,0,4.405315615,101.5625,327.2,18.8125,60.2,4,0.5625,4.8,0,0,0,0,65,7,12,14,11,11,3,2,3,0,1,0,1,0,0,0,0,54,5,9,10,13,5,2,0,10,0,0,0,0,0,54,11,9,13,6,5,1,1,7,0,0,1,0,0,45,14,10,6,3,5,2,1,0,2,0,0,1,0,0,31,7,6,4,7,4,2,1,0,0,0,0,0,12,2,3,2,3,1,1,0,0,0,0,0,0,5,2,1,2,0,0,0,0,0,0,0,0,0,0,20,13,3,2,1,0,1,0,0,0,0,0,2,1,1,0,0,0,0,0,0,0,0,1,1,0,0,0,0,0,0,0,0,0,0,1,1,0,0,0,0,0,0,0,0,2,1,0,1,0,0,0,0,0,0,0,0,0,0,0,0,0,0,0,0,0,0,0,0,0,0,4
1.96E+23,2508.5,2508.5,1448.138806,1,5016,1254.75,3762.25,1135.866427,1075,721.3754974,0,2602,474,1636.25,194.233453,188,126.4759354,0,414,70,313,1221823.03,1217748,328217.8978,1679,1796804,996859,1481329.5,1221917.379,1217862,328220.002,1778,1796902,996984,1481415.25,94.34848485,93,68.16318296,0,1675,70,111,263.6033898,0,9253.688588,-223,647823,-32,90,491.8809334,128,9429.676196,-88,652346,42,282,718.9321763,266,9545.110924,-39,652480,145,498,1169.401517,584,9774.42871,104,652992,376,923,2289.523572,1384,10323.6325,284,653456,1027.5,2105,6742.123145,4981,12447.09451,951,660256,3855.25,6728.5,22298.86676,18453.5,19369.68328,8412,676208,15174,23030.25,59,69,68,49,41,45,25,14,6,18,6,3,0,0,0,1,0.41469127,0.484977926,0.477949261,0.344404614,0.288175289,0.316289952,0.17571664,0.098401318,0.042171994,0.126515981,0.05430412,0.028986782,0,0,0,0.023666386,2596,413,37,48,6,20,21,0,0,0,2,3,0,3,0,0,0,3,0,5.273607748,128.85,431.8333333,20.65,68.83333333,4.166666667,1.45,8,0,0,0.15,0.5,59,9,12,15,6,3,6,2,2,2,0,2,0,0,0,0,0,69,3,5,13,10,13,11,4,3,2,5,0,0,0,68,10,9,7,15,6,6,6,2,1,4,1,0,1,49,12,10,7,3,3,5,3,3,0,0,1,1,0,0,41,5,11,10,2,4,2,3,3,0,0,0,1,45,8,9,3,7,5,5,2,0,0,4,1,1,25,4,5,3,3,1,4,2,0,1,1,1,0,0,14,3,1,3,1,0,3,1,0,0,2,0,6,0,2,1,0,2,1,0,0,0,0,18,4,4,3,1,2,1,2,0,0,1,0,6,0,1,2,1,1,0,1,0,0,3,0,0,1,0,1,1,0,0,0,0,0,0,0,0,0,0,0,0,0,0,0,0,0,1,1,4.5
019737b6,2763.5,2763.5,1595.363125,1,5526,1382.25,4144.75,1581.097539,1551,971.816336,0,3592,743.25,2351,308.7870069,310,188.5169192,0,636,139,479,530513.8811,477266,341163.083,921,1793063,285442.25,667224.75,530600.778,477387.5,341171.1768,1065,1793209,285442.25,667318.5,86.89685125,96,63.74844682,0,1973,74,115,237.4834389,32,3326.41038,-169,170818,-7,66,554.6071687,124,5058.64046,-86,177597,67,209,869.2149194,253,6451.509591,-21,178476,168.5,367,1497.832458,510,9138.53561,125,189513,383,699,3061.063814,1197,14352.21123,290,214186,954,1540,8730.684862,4011.5,24672.5966,956,235460,3408,5075.5,27664.60229,14383,47057.4713,3291,443770,12402,17847,114,115,132,67,65,37,43,18,7,9,3,4,0,0,0,0,0.481410679,0.485633579,0.557422891,0.282934346,0.274488545,0.156247326,0.18158473,0.076012212,0.029560305,0.038006106,0.016313261,0.023220776,0,0,0,0,3577,636,35,62,5,28,23,0,0,0,0,0,2,10,0,0,0,0,0,4.625786164,126.7857143,714.6,22.71428571,127.2,6.4,1.25,12.4,0,0,0,0,114,9,24,29,18,7,8,9,4,1,2,2,1,0,0,0,0,115,12,19,25,11,18,9,13,3,2,3,0,0,0,132,33,23,29,11,16,5,3,6,2,1,1,1,0,67,23,7,12,9,6,3,4,3,0,0,0,0,0,0,65,14,19,14,5,7,4,0,1,1,0,0,0,37,7,7,7,3,5,1,6,0,0,0,0,1,43,5,9,11,6,2,1,6,0,0,2,0,1,0,18,6,3,2,2,2,2,1,0,0,0,0,7,3,1,1,0,0,1,0,0,1,0,9,2,2,1,1,1,2,0,0,0,0,0,3,0,0,1,0,0,1,1,0,0,4,0,1,0,1,1,0,1,0,0,0,0,0,0,0,0,0,0,0,0,0,0,0,0,0,0,3.5
01992d32,1878.5,1878.5,1084.408133,1,3756,939.75,2817.25,1281.030351,1316,647.9237935,0,2459,782,1817.25,276.3876464,274,155.7943364,0,537,142,413,760148.7101,658214.5,477991.915,69136,1799899,378861,1188122.25,760283.9856,658245,477996.4708,69259,1800025,379013.5,1188246.5,135.2755591,133,115.3556947,0,4442,104,159,325.6442077,7,2939.634603,-199,131537,-31,89,784.3590836,169,4498.084751,-64,151890,101,295,1243.031442,338,5961.932573,38,164357,236,581,2142.733404,707,8394.673531,119,207364,520,1190.5,4394.128137,1779,13381.77855,269,266890,1312,3210.5,13424.50376,7913,25168.05074,873,270093,5310.75,12139.25,45458.84327,32190.5,45887.39348,10024,294204,25437.25,41560.5,108,115,103,75,52,24,9,12,12,4,0,11,0,0,0,0,0.509022645,0.542014853,0.485456782,0.353487948,0.245084977,0.113116143,0.042418554,0.056558072,0.056558072,0.018852691,0,0.071270843,0,0,0,0,2942,537,38,56,7,26,14,1,0,0,1,1,0,14,0,0,0,1,0,4.465549348,112.1923077,419.4285714,20.65384615,76.71428571,4.571428571,1.192307692,8,0,0,0.038461538,0.142857143,108,12,29,29,17,8,5,2,2,4,0,0,0,0,0,0,0,115,12,21,23,22,16,7,2,4,4,1,0,3,0,103,32,21,14,11,13,3,2,0,1,1,0,4,0,75,20,15,13,7,5,3,2,4,2,0,0,4,0,0,52,15,13,9,6,3,4,1,1,0,0,0,0,24,6,3,9,2,2,0,0,1,0,1,0,0,9,2,2,1,3,0,0,0,0,0,1,0,0,0,12,2,4,2,1,2,1,0,0,0,0,0,12,4,4,2,0,2,0,0,0,0,0,4,1,2,1,0,0,0,0,0,0,0,0,0,0,0,0,0,0,0,0,0,0,11,2,1,0,6,0,1,0,0,1,0,0,0,0,0,0,0,0,0,0,0,0,0,0,0,0,4
01c359fc,1467.5,1467.5,847.1171702,1,2934,734.25,2200.75,1208.382413,1257.5,666.579847,0,2277,626.25,1783,233.9850034,240,127.0892545,0,430,126,345,727123.9151,674323,453993.7358,42985,1789274,398482.25,1093106,727250.3514,674460.5,453989.3206,43155,1789390,398621,1093280.5,126.4362645,123,46.29271953,0,582,100,150.75,468.9536311,60,3222.581068,-240,132741,-22,170,1060.532742,281,4717.801922,-85,133055,146,542,1651.986012,510,5917.512191,-26,133784,323,995,2830.275862,1060,7835.579764,116,144806,704,1814,5778.922367,2520.5,11861.40809,270,147252,1841,4063.75,17570.21212,9079,22474.9453,4226,152347,6863.5,16798,57551.0247,38386,43173.62332,19658,207040,27876.5,73273,97,84,103,25,46,26,16,10,5,4,1,0,0,0,0,0,0.551906086,0.477939291,0.586044607,0.142243837,0.261728659,0.14793359,0.091036055,0.056897535,0.028448767,0.022759014,0.007326594,0,0,0,0,0,2277,431,32,52,13,31,20,0,0,0,0,0,0,2,0,0,0,0,0,4.255220418,72.48387097,174.2307692,13.93548387,33.15384615,3.307692308,0.709677419,4,0,0,0,0,97,20,24,26,2,9,8,5,2,0,0,1,0,0,0,0,0,84,15,14,21,2,13,9,5,3,1,1,0,0,0,103,27,14,26,10,14,3,2,1,3,2,0,0,0,25,4,11,3,2,2,1,2,0,0,0,0,0,0,0,46,13,13,10,3,3,2,1,0,0,1,0,0,26,7,3,10,2,3,0,0,1,0,0,0,0,16,5,3,4,2,0,0,0,2,0,0,0,0,0,10,1,2,1,2,1,1,1,0,1,0,0,5,4,0,1,0,0,0,0,0,0,0,4,1,0,0,0,1,1,0,1,0,0,0,1,0,0,1,0,0,0,0,0,0,0,0,0,0,0,0,0,0,0,0,0,0,0,0,0,0,0,0,0,0,0,0,0,0,0,0,3.5
01d0ba4b,820,820,473.2828612,1,1639,410.5,1229.5,690.4075656,673,410.2343755,0,1407,330,1038.5,113.2599146,113,66.31472707,0,229,56,167,964262.2727,993835,269298.071,61889,1336962,824696.5,1177849,964284.2819,993837,269297.5457,61955,1336969,824701.5,1177860.5,22.00915192,12,60.21302671,0,1551,6,17,756.4145299,204,8112.143987,0,275952,175.25,268.75,1367.062309,441,9334.028267,8,277021,254,824,1977.790954,700,10604.71806,16,290239,476,1317.25,3179.707466,1434,12763.31131,87,299682,968,2123.5,6173.651934,3177,17728.64785,777,302812,2428,4295,18224.61778,10379,31117.85151,5688,308776,8900,12892,61603.90708,36737,57998.16016,28285,360771,33631.5,60062.5,20,49,50,33,31,21,6,3,3,10,2,0,1,1,0,0,0.223998984,0.548797512,0.559997461,0.369598324,0.347198426,0.235198934,0.067199695,0.033599848,0.033599848,0.111999492,0.028843948,0,0.025407212,0.042252802,0,0,1407,230,21,20,5,20,1,0,0,0,0,0,0,0,0,0,0,0,0,5.104347826,69.4,280.6,11.55,46,4.8,0.05,4,0,0,0,0,20,0,2,7,1,3,3,0,1,1,1,0,0,0,1,0,0,49,1,8,11,16,6,4,1,0,1,1,0,0,0,50,8,7,11,7,2,3,3,2,1,4,1,0,0,33,1,8,2,2,13,5,0,0,0,1,0,0,1,0,31,4,7,7,1,4,4,1,0,0,2,1,0,21,1,11,5,3,1,0,0,0,0,0,0,0,6,1,2,1,0,1,0,0,0,0,1,0,0,0,3,0,2,0,1,0,0,0,0,0,0,0,3,0,2,0,0,1,0,0,0,0,0,10,2,0,4,2,0,2,0,0,0,0,0,2,2,0,0,0,0,0,0,0,0,0,0,0,0,0,0,0,0,0,0,0,0,1,0,0,1,0,0,0,1,1,0,0,0,0,0,1.5
01d602a7,1787,1787,1031.580583,1,3573,894,2680,1350.65799,1368,812.562174,0,2784,653,2026,231.7195634,232,143.0830218,0,487,108,351,1095681.672,1109242,581985.9997,9470,1896113,757763,1618554,1095827.081,1109445,581985.3779,9604,1896217,757887,1618713,145.4086202,151,50.09803775,0,501,120,175,382.7553191,32,6730.332,-195,378435,-30,124.25,898.158219,241,9607.789842,-27,389867,145,494.5,1413.736415,476,11799.20871,55,390034,337,876,2445.358464,1054.5,15256.77661,122,390474,736,1686,5027.388998,2525,21590.78919,296,391554,1937,3777,15391.94383,8936,37861.37556,956,406953,7273.5,12215.5,52042.02246,33488,69627.53061,11173,434832,27897,44537,82,82,98,62,54,44,20,20,7,3,0,0,1,0,0,0,0.454078377,0.454078377,0.542679035,0.343327553,0.299027224,0.243651812,0.110750824,0.110750824,0.038762788,0.016612624,0,0,0.012561975,0,0,0,2784,489,37,63,7,22,21,6,1,0,0,0,2,12,0,0,0,0,0,4.687116564,125.5909091,396.8571429,22.22727273,69.85714286,4,1.909090909,9,0,0,0,0,82,12,11,12,15,13,12,2,3,0,2,0,0,0,0,0,0,82,13,7,15,10,14,9,5,5,3,0,0,0,1,98,17,24,23,9,9,8,4,3,1,0,0,0,0,62,9,15,18,8,6,2,1,2,0,1,0,0,0,0,54,8,15,6,5,5,8,5,1,1,0,0,0,44,9,6,10,6,3,3,2,4,0,0,0,0,20,4,1,6,5,2,0,1,1,0,0,0,0,0,20,7,2,4,3,1,1,0,0,2,0,0,7,2,1,1,0,1,1,0,1,0,0,3,0,0,2,1,0,0,0,0,0,0,0,0,0,0,0,0,0,0,0,0,0,0,0,0,0,0,0,0,0,0,0,0,0,1,1,0,0,0,0,0,0,0,0,0,0,0,0,4.5
0249a095,2697.5,2697.5,1557.258007,1,5394,1349.25,4045.75,1600.891361,1749,810.9930248,0,2774,932,2291,322.579162,359,170.2268219,0,500,171,500,945277.3293,818901.5,606196.2517,31429,1800788,425457.75,1758364.75,945369.365,818931,606160.3629,31648,1800790,425579.25,1758395.25,92.0357805,99,59.45998113,0,1051,30,134,236.0318932,0,4136.047279,-766,241989,-35,30,563.613316,57,6190.384951,-85,285256,30,178,891.2203673,160,7826.102925,-42,286904,61,378.5,1546.766005,406,10397.10701,85,287416,121,795,3187.571508,1170,15348.99857,234,353397,272,2050,9776.16387,4641.5,32272.87756,836,442482,871,8606.25,33117.71043,21264.5,75654.483,2908,658512,3683,32614.75,107,101,102,69,38,31,19,6,13,9,2,1,0,0,0,0,0.535834393,0.505787604,0.510795402,0.345538066,0.190296326,0.15524174,0.095148163,0.030046788,0.065101375,0.045070183,0.012896904,0.006884187,0,0,0,0,2774,500,40,48,9,16,21,2,0,0,0,5,0,5,0,0,0,5,0,4.494,172.4375,307.3333333,31.25,55.55555556,2.666666667,2.0625,5.333333333,0,0,0.3125,0.555555556,107,16,23,29,11,7,14,4,0,1,2,0,0,0,0,0,0,101,19,20,18,17,10,6,4,0,3,3,1,0,0,102,31,19,20,16,4,3,3,1,4,0,0,1,0,69,12,15,11,13,6,5,3,2,1,0,0,0,0,0,38,13,6,8,4,1,0,2,0,3,1,0,0,31,9,5,7,2,2,1,2,0,0,2,1,0,19,1,2,5,3,2,1,1,3,0,1,0,0,0,6,0,3,1,0,1,0,0,0,1,0,0,13,3,5,1,1,3,0,0,0,0,0,9,2,1,2,1,2,1,0,0,0,0,0,2,0,1,0,1,0,0,0,0,0,1,1,0,0,0,0,0,0,0,0,0,0,0,0,0,0,0,0,0,0,0,0,0,0,0,0,5
0262bf61,2221.5,2221.5,1282.439277,1,4442,1111.25,3331.75,1277.011256,1273.5,750.1621714,0,2581,625,1911,227.5760919,226,130.6459458,0,447,114,343.75,819029.4894,798952.5,441328.8807,5700,1796999,503308.5,1205038.5,819108.242,799024,441326.8793,5948,1797149,503338.75,1205116,78.75258892,76,60.92346666,0,2036,61,97,324.6183292,89,3500.890637,-117,206206,30,172,727.2547297,285,5169.329217,5,225360,176,489,1128.234287,504,6449.292129,54,227964,352,792,1930.246563,977,8493.801085,114,232334,716,1396,3918.650496,2192.5,12498.44362,262,243886,1727.75,3081.25,11780.18586,7529,22674.91717,867,265979,6155,10123,39361.17089,27968.5,42139.63733,5226,320179,23661.5,37356.5,83,86,75,45,44,36,29,19,6,7,2,0,3,0,0,0,0.509798122,0.52822456,0.460660953,0.276396572,0.270254426,0.221117258,0.178122235,0.116700775,0.036852876,0.042995022,0.015818263,0,0.041800584,0,0,0,2616,447,45,69,9,23,27,2,0,2,1,6,2,7,0,0,0,6,0,4.834451902,112.7826087,289.7777778,19.47826087,49.66666667,3.444444444,2.043478261,7.666666667,0,0,0.260869565,0.666666667,83,9,19,16,7,10,9,7,5,1,0,0,0,0,0,0,0,86,9,12,26,8,10,14,5,1,1,0,0,0,0,75,19,13,11,6,7,4,11,2,0,1,1,0,0,45,6,14,7,2,5,4,1,3,0,1,0,0,1,0,44,11,11,5,5,4,1,1,3,2,0,1,0,36,12,1,2,8,4,1,3,2,1,2,0,0,29,9,9,3,2,1,1,1,1,0,1,0,0,1,19,4,3,4,2,2,0,0,1,1,1,1,6,2,1,1,1,0,0,0,1,0,0,7,2,1,0,2,1,0,0,0,0,1,0,2,0,0,0,1,0,1,0,0,0,0,0,0,0,0,0,0,0,0,0,0,0,3,0,2,0,1,0,0,0,0,0,0,0,0,0,4.5
026be946,2169.5,2169.5,1252.417063,1,4338,1085.25,3253.75,1875.899954,1901,1067.917801,0,3864,929.25,2802.75,373.7136929,382,207.0583534,0,712,199,548,753457.9767,703426.5,464342.6305,3046,1791707,365753.5,1035291.5,753548.7411,703531.5,464347.2081,3257,1791758,365823.25,1035362.5,90.76440756,76,74.68857057,0,2500,64,105,321.645377,134,2348.135037,-130,126688,67,205,725.392297,352,3333.217747,20,127961,255,534.25,1127.727336,587,4156.084157,47,132656,458,880.5,1930.517655,1110,5497.473004,109,136324,880,1524,3938.127311,2424,8203.391553,264,156398,2013,3345.5,11991.03227,8417.5,15015.06402,4208,164328,7024.75,10977.5,40141.40042,31050.5,29102.40585,20197,211638,27454.25,38008,154,136,162,71,59,35,22,27,13,12,1,1,1,0,0,0,0.545367037,0.481622838,0.573697792,0.251435452,0.208939319,0.123947054,0.077909577,0.095616299,0.046037477,0.042496133,0.004560126,0.004868263,0.00803358,0,0,0,3866,712,47,72,4,28,13,9,1,0,0,1,0,20,0,0,0,1,0,4.422752809,137.1071429,965.75,25.42857143,178,7.75,1.607142857,18,0,0,0.035714286,0.25,154,21,33,44,15,16,10,5,3,5,1,0,0,1,0,0,0,136,23,21,30,25,11,5,3,10,3,4,0,1,0,162,41,36,35,10,15,7,3,8,3,2,1,0,0,71,19,13,18,4,7,3,4,2,0,1,0,0,0,0,59,16,9,15,6,4,1,4,2,1,1,0,0,35,11,8,7,3,0,3,2,0,0,1,0,0,22,8,5,6,1,0,2,0,0,0,0,0,0,0,27,6,6,3,3,3,2,1,2,1,0,0,13,5,2,1,1,2,1,0,0,0,1,12,4,2,2,3,0,0,0,0,0,1,0,1,0,1,0,0,0,0,0,0,0,1,0,0,0,0,1,0,0,0,0,0,0,1,0,0,0,1,0,0,0,0,0,0,0,0,0,5
0294b4f5,944,944,544.8742974,1,1887,472.5,1415.5,758.2681505,806,431.5816852,0,1388,391.5,1171.5,111.1960784,112,61.92225418,0,205,53,171.5,984806.4298,1016215,456501.7594,95780,1774945,616709,1380203.5,984866.7467,1016267,456499.5643,95938,1775073,616770.5,1380260.5,60.31690514,60,18.73964176,0,486,54,65,830.0503712,341,3194.960958,-35,100014,229,651.75,1716.602653,873,4550.378858,24,100784,608,1651,2603.072187,1577,5586.987106,54,101718,1029.75,2600.5,4365.979809,2942,7372.648377,113,106412,2055.5,4292,8692.685136,6421,10444.72044,262,109081,4930,8634,25778.79429,21631,17222.60781,4692,122798,17631,27780,84729.45327,78899,30413.26849,25038,199174,67462.5,91140.5,44,23,42,13,28,22,11,10,9,15,1,0,0,0,0,0,0.559041444,0.292226209,0.533630469,0.165171336,0.355753646,0.279520722,0.139760361,0.127054874,0.114349386,0.19058231,0.016360628,0,0,0,0,0,1388,207,31,20,3,15,6,0,0,0,0,0,0,0,0,0,0,0,0,5.700483092,91.6,462,14.46666667,69,5.666666667,0.4,6.666666667,0,0,0,0,44,9,5,8,0,5,6,4,4,0,3,0,0,0,0,0,0,23,1,4,5,3,3,3,0,2,1,1,0,0,0,42,6,2,7,4,7,5,3,3,2,3,0,0,0,13,8,0,1,0,2,0,1,0,0,1,0,0,0,0,28,6,3,9,2,3,1,0,0,3,1,0,0,22,4,2,3,0,4,1,1,1,2,4,0,0,11,2,1,3,0,1,2,1,0,1,0,0,0,0,10,1,2,3,0,1,2,0,0,0,1,0,9,3,2,0,1,2,0,0,0,0,1,15,4,2,3,3,0,0,1,0,0,0,1,1,0,0,0,0,0,1,0,0,0,0,0,0,0,0,0,0,0,0,0,0,0,0,0,0,0,0,0,0,0,0,0,0,0,0,0,2.5
02a41d1a,709,709,409.1969778,1,1417,355,1063,508.8786168,523,310.4817665,0,1017,207,798,77.81157375,80,47.50708162,0,154,31,122,581692.1616,561140,259377.2827,91083,998515,344715,821827,581837.2583,561227,259375.354,91214,998641,344850,821970,145.0966831,150,60.99970915,0,1256,112,176,495.7316384,50,3483.829632,-150,98935,-15,168.25,1067.149823,282,4182.508552,-86,99427,164.5,601.5,1638.85785,585,4778.534587,52,99458,354,1066.75,2784.238669,1173.5,5824.267337,115,99812,794,2084,5655.862829,2904,8133.492513,285,100980,2092.5,5229,17252.72026,11489,14120.12014,4529,106108,8339.5,21120,58925.15034,52674,25289.52313,23353,138669,39239,81469,21,38,14,18,20,9,10,11,4,7,0,2,0,0,0,0,0.372422441,0.673907274,0.248281627,0.319219235,0.354688039,0.159609617,0.177344019,0.195078421,0.070937608,0.124140814,0,0.048758732,0,0,0,0,1017,154,30,28,3,11,13,1,0,0,0,3,0,1,0,0,0,3,0,5.448051948,91.54545455,338.3333333,14,51.33333333,4.333333333,1.636363636,9.333333333,0,0,0.272727273,1,21,2,7,2,6,1,0,1,1,1,0,0,0,0,0,0,0,38,1,4,6,5,6,5,5,3,1,1,0,1,0,14,2,3,0,0,3,1,0,4,0,0,0,0,0,18,4,6,0,0,2,1,2,1,0,1,0,1,0,0,20,6,6,1,2,2,2,0,0,0,1,0,0,9,2,1,2,1,1,0,1,0,0,1,0,0,10,0,2,0,3,2,0,0,1,2,0,0,0,0,11,3,2,0,1,1,0,1,1,0,2,0,4,0,1,2,0,1,0,0,0,0,0,7,1,5,0,0,0,0,0,0,0,1,0,0,0,0,0,0,0,0,0,0,0,2,0,1,1,0,0,0,0,0,0,0,0,0,0,0,0,0,0,0,0,0,0,0,0,0,0,3
